{
  "properties": {
    "connectionReferences": {},
    "definition": {
      "$schema": "https://schema.management.azure.com/providers/Microsoft.Logic/schemas/2016-06-01/workflowdefinition.json#",
      "contentVersion": "1.0.0.0",
      "parameters": {
        "$authentication": {
          "defaultValue": {},
          "type": "SecureObject"
        },
        "$connections": {
          "defaultValue": {},
          "type": "Object"
        }
      },
      "triggers": {
        "manual": {
          "type": "Request",
          "kind": "VirtualAgent",
          "inputs": {
            "schema": {
              "type": "object",
              "properties": {
                "text": {
                  "description": "Please enter your input",
                  "title": "Var1",
                  "type": "string",
                  "x-ms-content-hint": "TEXT",
                  "x-ms-dynamically-added": true
                }
              },
              "required": [
                "text"
              ]
            }
          },
          "metadata": {
            "operationMetadataId": "ddf1cdbd-ad0c-4bbb-bf42-f1c988cf11f4"
          }
        }
      },
      "actions": {
        "Initialize_variable_2": {
          "type": "InitializeVariable",
          "inputs": {
            "variables": [
              {
                "name": "test",
                "type": "string",
                "value": "This is a big test"
              }
            ]
          },
          "runAfter": {},
          "metadata": {
            "operationMetadataId": "986f5ea1-9f46-443f-a236-39d2a24d16cf"
          }
        },
        "Return_value(s)_to_Power_Virtual_Agents": {
          "type": "Response",
          "kind": "VirtualAgent",
          "inputs": {
            "schema": {
              "type": "object",
              "properties": {
                "message": {
                  "title": "Message",
                  "type": "string",
                  "x-ms-content-hint": "TEXT",
                  "x-ms-dynamically-added": true
                }
              },
              "additionalProperties": {}
            },
            "statusCode": 200,
            "body": {
              "message": "@{variables('test')}"
            }
          },
          "runAfter": {
            "Initialize_variable_2": [
              "SUCCEEDED"
            ]
          }
        }
      }
    },
    "templateName": null
  },
  "schemaVersion": "1.0.0.0"
}